Participant,Method,WPM
1,Graffiti,13.21
1,keyboard,55.67
1,speech,143.33
2,Graffiti,14.23
2,keyboard,68.34
2,speech,121.22
3,Graffiti,15.32
3,keyboard,77.99
3,speech,100.99
4,Graffiti,19.32
4,keyboard,49.72
4,speech,174.67
5,Graffiti,12.34
5,keyboard,66.66
5,speech,166.66
6,Graffiti,22.32
6,keyboard,85.37
6,speech,187.78
7,Graffiti,11.97
7,keyboard,76.55
7,speech,197.47
8,Graffiti,14.75
8,keyboard,81.01
8,speech,211.05
9,Graffiti,16.99
9,keyboard,47.7
9,speech,144.34
10,Graffiti,25.22
10,keyboard,71.21
10,speech,135.72
